{
  "baseline_final_accuracy": 76.95555555555555,
  "normalized_final_accuracy": 77.65555555555555,
  "baseline_final_loss": 0.44737525694535424,
  "normalized_final_loss": 0.4380952956197952,
  "improvement_accuracy": 0.7000000000000028,
  "improvement_loss": 0.009279961325559027,
  "config": {
    "iterations": 10,
    "d_model": 256,
    "d_input": 128,
    "heads": 8,
    "n_synch_out": 64,
    "n_synch_action": 64,
    "synapse_depth": 3,
    "memory_length": 8,
    "deep_nlms": true,
    "memory_hidden_dims": 64,
    "do_layernorm_nlm": false,
    "backbone_type": "resnet18-2",
    "positional_embedding_type": "learnable-fourier",
    "out_dims": 4,
    "dropout": 0.1,
    "neuron_select_type": "random-pairing",
    "normalization_decay": 0.01,
    "normalization_epsilon": 1e-05
  },
  "training_curves": {
    "baseline_losses": [
      1.2237642877478794,
      0.9016729355070138,
      0.7106729393848094,
      0.6695753582099826,
      0.6489708906380364,
      0.61879946627583,
      0.5986445874875647,
      0.5759809577232144,
      0.5603064694053115,
      0.5409637405330292,
      0.533465597996915,
      0.5206950113415506,
      0.5107219468001574,
      0.5021543615029506,
      0.4957366194807615,
      0.4794123538275172,
      0.47584160945343507,
      0.46372519147650176,
      0.457352144362448,
      0.44737525694535424
    ],
    "normalized_losses": [
      1.5017734846467448,
      1.3646299312847334,
      1.0360664493448992,
      0.7627698991374902,
      0.6727017679815818,
      0.6418940302639617,
      0.6081240406891805,
      0.5849625104591647,
      0.5717548125855241,
      0.5540739013341985,
      0.5467044297427098,
      0.5259184900598458,
      0.5245745324696783,
      0.5039839744567871,
      0.4944782037929786,
      0.4834615619419735,
      0.4719734880312298,
      0.45705059258065467,
      0.44348285901715867,
      0.4380952956197952
    ],
    "baseline_accuracies": [
      39.388888888888886,
      54.044444444444444,
      57.65555555555556,
      59.82222222222222,
      61.77777777777778,
      64.68888888888888,
      66.73333333333333,
      69.03333333333333,
      69.72222222222223,
      71.5111111111111,
      71.56666666666666,
      72.41111111111111,
      72.86666666666666,
      73.63333333333334,
      74.1,
      75.07777777777778,
      75.06666666666666,
      76.08888888888889,
      76.68888888888888,
      76.95555555555555
    ],
    "normalized_accuracies": [
      25.544444444444444,
      30.822222222222223,
      50.13333333333333,
      58.41111111111111,
      62.96666666666667,
      65.38888888888889,
      66.95555555555555,
      68.5111111111111,
      69.32222222222222,
      71.37777777777778,
      71.56666666666666,
      71.92222222222222,
      72.9,
      73.9888888888889,
      74.55555555555556,
      75.0,
      75.87777777777778,
      76.66666666666667,
      77.26666666666667,
      77.65555555555555
    ]
  }
}